First Name,Last Name,Postal Code,Phone Number,Social Security Number,Email,Course,Age,Lorem Ipsum Costum
Cláudio,Fonseca,6410-688,+351925022585,206-19-6105,cbarros@example.org,LEIC,26,Lollipop Gummies sesame.
Catarina,Amorim,5873-989,+351910686897,580-21-7425,ines61@example.net,LCC,42,Bar danish Jelly bar wafer Ice oat.
Alícia,Nogueira,4738-722,276700273,454-66-0191,patricia11@example.com,MIA,68,Wafer Jelly beans danish wafer oat danish.
Íris,Jesus,5026-125,(351) 911086842,652-85-8129,dmatias@example.net,LEIC,47,Wafer Ice pie.
Petra,Simões,4602-858,938258185,951-48-3354,gandrade@example.org,LEIC,50,Pie Ice danish Lollipop Lollipop.
Larissa,Guerreiro,5882-827,926049756,829-09-9759,saclaudio@example.com,LCC,41,Wafer sugar Gummies bar sugar oat.
William,Antunes,6842-865,(351) 241 489 506,964-17-9537,bianca99@example.com,LEIC,78,Sesame Ice Lollipop oat sugar danish beans.
Rita,Branco,8078-255,(351) 290 789 490,631-44-2656,piresandre@example.com,LEIC,30,Lollipop sugar pie.
Filipa,Correia,7734-811,969 884 381,671-09-6685,eduardabrito@example.org,LEIC,80,Oat Lollipop sugar Gummies danish.
Ana,Santos,8003-642,(351) 214538052,363-86-6836,motabruno@example.com,LEIC,48,Cheesecake Gummies Ice Jelly.
Ângelo,Matos,4536-018,(351) 929513626,720-21-5012,carlotamatias@example.org,LCC,21,Cheesecake Gummies cheesecake beans.
Tomás,Matos,3365-210,(351) 965653008,134-32-8098,angela85@example.com,LEIC,72,Ice Jelly wafer beans danish wafer.
Valentina,Abreu,1629-571,236133567,882-60-4023,joel12@example.net,MIA,35,Ice danish danish Lollipop.
Gaspar,Ferreira,1948-818,(351) 935447301,917-65-2260,pcruz@example.org,LCC,26,Sugar Lollipop sugar Ice.
Renato,Araújo,1964-908,(351) 934 498 502,436-37-0612,martaanjos@example.net,LEIC,75,Gummies oat Gummies pie.
Benedita,Torres,1317-084,(351) 923 028 106,965-26-6110,henriquesilva@example.net,LEIC,68,Lollipop sesame pie Lollipop bar sesame bar oat.
Edgar,Abreu,8991-738,910547548,320-50-9175,lsilva@example.org,MIA,32,Wafer cheesecake beans cheesecake oat oat pie.
Luciana,Neves,5596-457,(351) 923 108 250,226-28-3827,monteirohugo@example.com,LIACD,61,Beans sugar Gummies Ice sesame wafer beans.
Andreia,Tavares,5770-105,+351965388795,022-73-7605,miguellima@example.net,LIACD,61,Wafer bar cheesecake cheesecake.
Erika,Almeida,8667-132,+351933567161,861-34-1152,diogoaraujo@example.com,LCC,77,Oat pie Gummies cheesecake Lollipop sesame.
Vítor,Vaz,5515-921,(351) 927 685 034,425-97-5380,ncardoso@example.com,LEIC,62,Jelly Ice Ice sugar sesame bar sesame.
Bárbara,Miranda,6416-719,+351916999823,268-79-4934,evafaria@example.net,LCC,69,Jelly Jelly wafer pie.
Gil,Carvalho,9224-622,249 393 439,439-70-2259,salvadorandrade@example.org,LEIC,20,Sugar sugar sesame sugar oat sesame.
Leonor,Silva,1623-427,(351) 969560974,692-92-3347,miapinho@example.net,LEIC,28,Sugar sesame pie cheesecake beans pie sesame.
Victória,Ribeiro,3839-614,(351) 928443293,016-84-7127,emilia16@example.net,LIACD,24,Beans cheesecake wafer Gummies pie sesame Lollipop.
Nicole,Mota,5513-544,961105577,223-25-3728,salomemartins@example.com,LCC,28,Oat wafer Ice pie sesame.
Beatriz,Sousa,3739-329,+351937950757,304-24-2722,filipabranco@example.org,LIACD,68,Jelly danish Jelly Lollipop bar beans.
Gil,Assunção,7415-264,287 900 327,318-70-9952,lourencoalves@example.net,MIA,22,Sesame sesame beans Lollipop oat wafer Gummies.
Luciana,Santos,8933-083,(351) 247428652,215-35-1970,loureirolia@example.net,MIA,59,Gummies pie pie beans sugar sugar pie Ice.
Rafael,Rodrigues,3794-395,(351) 967947589,277-81-2260,adriana73@example.org,LIACD,19,Beans sugar Jelly Lollipop Gummies.
Júlia,Nascimento,6301-993,(351) 913 075 536,818-46-2962,luca58@example.net,MIA,29,Beans bar oat pie danish danish.
Nair,Antunes,1212-534,(351) 913370018,758-22-7799,franciscomartins@example.org,LCC,22,Ice beans danish Ice Jelly Lollipop.
Irina,Brito,3321-494,(351) 923304551,840-14-1886,vascojesus@example.com,LEIC,53,Sesame danish pie bar cheesecake sesame.
João,Neto,8352-292,(351) 241701481,675-12-7298,flor85@example.com,LIACD,28,Bar bar Gummies danish sesame.
Martim,Melo,3645-884,(351) 928 172 276,714-23-1199,santiago25@example.net,LCC,36,Lollipop oat Jelly danish.
Fabiana,Machado,6043-478,(351) 967 133 284,524-16-5367,alexandregaspar@example.net,MIA,72,Gummies sugar Lollipop Lollipop oat.
Cristiano,Valente,7300-542,939 137 208,122-88-8800,fernandescarolina@example.com,LIACD,29,Ice cheesecake bar oat Jelly sugar.
Luísa,Macedo,8908-223,(351) 962706259,874-21-3975,cruzvicente@example.net,MIA,31,Sesame oat Gummies pie pie.
Lara,Morais,3361-989,+351251330388,246-42-9104,benedita10@example.com,LCC,44,Ice Jelly oat oat oat Gummies oat.
Vitória,Coelho,6153-006,(351) 929 134 594,482-87-8044,xavier01@example.net,MIA,40,Oat Ice Jelly danish.
Erica,Sá,8024-458,924 928 339,630-24-6970,noa80@example.org,LCC,26,Wafer wafer wafer Jelly wafer Jelly pie cheesecake.
Melissa,Ribeiro,5438-537,(351) 968893579,657-70-9916,florgaspar@example.com,MIA,35,Cheesecake sugar sesame cheesecake beans.
Tomé,Teixeira,3516-160,962 830 382,008-21-3508,constancalourenco@example.com,LEIC,38,Cheesecake oat Ice.
Fábio,Fonseca,8108-915,(351) 278670031,063-38-1490,xmiranda@example.net,LCC,48,Oat cheesecake sesame oat cheesecake.
Anita,Leite,6552-510,+351217848557,850-26-6678,renato58@example.com,LEIC,54,Wafer wafer Lollipop Lollipop bar oat pie.
Sebastião,Pereira,0727-500,960 416 825,421-29-1558,leticiaramos@example.com,LCC,37,Sesame Lollipop Lollipop pie wafer.
Jéssica,Soares,1139-703,(351) 966915614,083-25-8455,angela97@example.com,MIA,19,Lollipop sugar bar Gummies wafer wafer.
Vitória,Brito,9543-678,(351) 928885458,050-27-0201,kevimdomingues@example.net,LCC,28,Bar pie sesame sesame.
André,Pires,2169-393,922017531,655-90-0084,cfonseca@example.com,LIACD,61,Pie wafer Lollipop Lollipop wafer cheesecake.
Amélia,Teixeira,2707-782,926 959 785,594-85-8584,wcosta@example.net,LEIC,56,Danish oat oat bar bar bar bar pie.
Dinis,Gomes,9149-284,+351930741852,009-61-8942,joanacruz@example.com,LCC,23,Bar Ice sesame wafer beans Jelly.
Larissa,Cunha,3514-966,(351) 242 158 449,351-27-1420,fazevedo@example.org,LEIC,80,Wafer danish Ice Lollipop Gummies Jelly wafer.
Carlota,Moreira,3656-716,914327878,407-89-8479,jesusvitor@example.org,LIACD,20,Danish beans wafer.
Kevin,Nogueira,2980-371,251 157 211,052-04-1351,ema11@example.org,LIACD,66,Sesame Gummies oat bar Lollipop bar.
Letícia,Esteves,1206-662,934 569 593,274-65-5065,mauro68@example.org,LEIC,25,Ice cheesecake Lollipop sesame Jelly sesame.
Micael,Mota,3757-914,(351) 939389309,336-17-0988,ovalente@example.com,LEIC,60,Jelly danish wafer Lollipop pie.
Ana,Ferreira,5370-949,(351) 224116788,239-37-9090,jessicamartins@example.com,LIACD,19,Gummies beans cheesecake pie.
Iara,Henriques,3623-410,+351918107490,912-62-6492,cesar58@example.com,MIA,69,Wafer danish Gummies sugar.
Nuno,Branco,6539-239,969680950,170-36-8314,xfreitas@example.org,LIACD,69,Beans beans bar Lollipop oat danish.
Salomé,Miranda,3710-485,933 280 237,082-33-2953,lorenaassuncao@example.net,LIACD,21,Sugar sesame oat.
Rita,Batista,0242-376,913810759,104-88-0623,jessicacardoso@example.org,LEIC,68,Jelly Lollipop cheesecake Jelly Gummies sugar.
Noah,Guerreiro,2919-473,938 017 228,717-07-0316,pachecorafaela@example.com,MIA,33,Sugar pie pie cheesecake pie Jelly Gummies.
Gil,Domingues,3684-992,(351) 922 133 211,728-16-3973,tvalente@example.org,MIA,19,Wafer wafer pie cheesecake.
Salomé,Vicente,6085-382,966 559 018,644-26-5034,ricardo58@example.com,MIA,61,Danish bar danish.
Mara,Barros,8519-281,(351) 255043739,707-77-3126,reisisabela@example.org,LIACD,40,Sesame oat beans Gummies.
Ângela,Borges,8622-768,(351) 910466769,756-28-3300,guerreirokevin@example.org,LCC,48,Gummies wafer Gummies sesame Lollipop Jelly.
Henrique,Reis,2978-002,(351) 286410388,718-96-6488,andradeluciana@example.com,LEIC,79,Danish beans danish danish cheesecake oat Ice.
Sebastião,Barros,7470-474,929108210,514-63-3611,hhenriques@example.com,LEIC,46,Sugar sesame sugar cheesecake wafer.
Vitória,Pacheco,1401-243,(351) 248 484 028,393-46-0784,sousanaiara@example.org,LIACD,34,Pie danish cheesecake Lollipop pie Ice.
Melissa,Lourenço,9000-714,(351) 930707766,631-64-2855,salvadorjesus@example.com,LEIC,43,Ice danish danish pie Jelly danish.
Nair,Barbosa,0628-607,(351) 933016033,645-78-3866,dlourenco@example.net,LCC,18,Gummies beans Lollipop bar.
Jéssica,Ferreira,9900-313,(351) 925533741,369-17-2320,martasantos@example.org,LCC,57,Jelly beans beans sugar Jelly Jelly.
Eduarda,Antunes,8724-752,(351) 969074744,700-38-1342,amelia42@example.net,MIA,38,Sesame Ice bar bar wafer.
Ana,Gomes,4712-422,(351) 254 522 066,133-93-5423,mouraenzo@example.org,LEIC,42,Beans bar Ice pie.
Patrícia,Torres,1964-097,(351) 938 734 449,741-27-3975,rubenlourenco@example.com,LIACD,29,Lollipop danish Lollipop bar Lollipop danish wafer.
Noa,Maia,9958-128,(351) 221 169 362,062-92-5167,machadomargarida@example.org,LCC,36,Gummies Lollipop sesame sesame wafer Jelly sesame Ice.
Naiara,Batista,0098-234,+351939970994,608-74-3971,mendesdebora@example.com,MIA,30,Danish oat danish wafer wafer Jelly pie sugar.
Letícia,Vaz,3697-132,935619695,324-68-2705,amendes@example.net,LCC,21,Sesame danish beans.
António,Garcia,3600-135,(351) 280 794 357,183-59-9800,biancacunha@example.org,LEIC,57,Wafer Jelly sugar cheesecake.
Artur,Teixeira,4038-075,(351) 216 078 411,158-49-3833,nunobarros@example.org,LEIC,52,Jelly Gummies Jelly cheesecake Jelly.
Jorge,Nunes,2780-637,(351) 217 798 226,504-54-1981,hmota@example.net,LCC,57,Danish wafer wafer Gummies Ice Ice sugar.
Rodrigo,Carvalho,1243-239,963 641 434,782-09-7248,mario62@example.org,LCC,65,Sugar beans wafer danish pie oat.
Jéssica,Paiva,8404-272,(351) 962 512 942,215-98-7897,edgar00@example.com,LEIC,49,Jelly Gummies cheesecake wafer sesame Gummies.
Júlia,Amaral,7948-576,(351) 285 499 728,188-44-5956,monteiroiara@example.com,MIA,49,Lollipop Gummies Jelly oat.
Denis,Lima,3876-660,282122967,776-78-1048,manuelcunha@example.com,LCC,58,Lollipop Lollipop Gummies danish pie wafer.
Bárbara,Azevedo,4686-603,+351910699586,342-28-0241,gasparamaral@example.com,LIACD,57,Lollipop cheesecake Ice Gummies.
Martim,Azevedo,4894-910,929 461 021,399-97-4932,duarte22@example.net,MIA,29,Ice cheesecake pie bar oat bar.
Sofia,Loureiro,8250-865,922 319 372,591-77-1332,macedoirina@example.net,LCC,74,Ice wafer bar Lollipop Gummies.
Anita,Tavares,2335-015,(351) 206 523 768,888-89-1774,almeidasergio@example.com,LIACD,54,Cheesecake danish wafer cheesecake oat.
Artur,Domingues,6985-518,966 580 318,211-14-6960,luisa45@example.net,MIA,30,Oat sugar Gummies sesame sesame sesame.
Catarina,Machado,5664-855,(351) 968372023,385-42-6151,tsoares@example.net,LIACD,42,Oat Gummies bar Jelly sugar.
Micael,Sá,9557-552,(351) 931309130,470-10-3527,alexandratavares@example.org,MIA,65,Danish Gummies bar oat.
Isabela,Barbosa,4558-724,911084847,204-18-6186,helenadomingues@example.org,LIACD,47,Sugar Jelly Gummies Ice.
Helena,Monteiro,4997-790,969420138,346-30-2379,alexandra74@example.com,LCC,20,Sesame Ice bar Jelly beans.
Alícia,Castro,4318-907,+351920290023,544-62-5021,caetanacastro@example.net,MIA,45,Pie pie Lollipop oat Jelly danish.
Vasco,Coelho,6387-164,(351) 262 852 068,113-77-0439,tome58@example.com,LEIC,30,Lollipop Lollipop cheesecake danish oat Lollipop.
Madalena,Pinto,4841-552,911 235 088,141-41-6530,goncalvesfrederico@example.org,LEIC,49,Ice sesame oat Lollipop beans Lollipop Ice.
Ivo,Azevedo,1575-580,(351) 936 346 903,432-12-0645,julianacunha@example.com,LCC,53,Danish danish Jelly wafer.
Teresa,Faria,3582-306,(351) 917 487 176,319-71-1145,mauro90@example.com,MIA,28,Cheesecake beans Ice pie.
Sara,Guerreiro,9655-420,(351) 967 844 463,105-03-4719,sebastiaocarneiro@example.net,MIA,19,Jelly Ice danish Lollipop.
