A,B,C,D,E,F
Cláudio,Fonseca,6410-688,+351925022585,206-19-6105,cbarros@example.org
Marta,Campos,0469-747,(351) 934 587 398,068-68-9786,erica02@example.net
Diogo,Moreira,2558-617,+351295039150,368-80-4738,jcastro@example.net
Bruna,Lourenço,0027-304,+351934660191,116-08-6186,henriquesmicael@example.com
Bernardo,Pacheco,6502-612,+351963108684,465-28-5812,dmatias@example.net
Gil,Mendes,5774-602,965888258,853-95-1483,rubenfigueiredo@example.com
Bryan,Moura,3830-349,(351) 219 515 882,776-04-9756,emmabranco@example.net
Luísa,Abreu,5910-575,925 537 532,066-84-2865,gasparfabio@example.com
Emma,Pires,0609-641,295 374 799,378-94-5021,martinsmariana@example.com
Rita,Branco,8078-255,(351) 290 789 490,631-44-2656,piresandre@example.com
Melissa,Carvalho,0482-834,927348117,381-66-7109,bsantos@example.net
Tomás,Cardoso,2333-033,(351) 260 065 800,642-41-4538,vieiratome@example.org
Carolina,Domingues,3866-836,(351) 270 427 121,589-07-8545,xavieranjos@example.org
Erica,Barbosa,1362-627,(351) 960215012,763-60-0217,britomatilde@example.org
Tomás,Matos,3365-210,(351) 965653008,134-32-8098,angela85@example.com
Luciana,Branco,0945-505,930416295,198-36-1335,smorais@example.net
Inês,Nunes,6040-235,(351) 921 291 411,045-24-6194,simoesflor@example.org
Samuel,Garcia,7301-191,966 522 606,306-21-2846,yaramacedo@example.com
Daniel,Amaral,9649-083,(351) 249850244,637-06-1220,danielmelo@example.net
Jorge,Magalhães,8513-170,240302810,796-52-6611,cunhahenrique@example.net
Madalena,Brito,5864-462,288109928,738-70-5475,francisca99@example.net
Santiago,Costa,0509-175,922 191 396,817-83-8755,rsantos@example.com
Mia,Morais,3108-250,(351) 962262838,780-72-4587,davidmartins@example.net
Catarina,Machado,0661-577,(351) 911 055 538,953-02-2737,arocha@example.com
Mara,Branco,5841-530,(351) 938280978,671-32-5356,zbatista@example.org
Tomás,Nascimento,1341-152,(351) 931 167 670,014-86-6555,jesusleonor@example.org
Frederico,Amaral,6850-345,(351) 962597538,972-35-3783,vitoria23@example.com
Daniela,Jesus,7746-416,219 569 998,302-68-7949,vitoriagaspar@example.org
Eva,Faria,1968-157,(351) 962592246,274-93-9343,goncalvesvictoria@example.org
Letícia,Melo,2259-250,(351) 923053127,218-80-9316,manuelsoares@example.com
Ivan,Melo,9560-974,936 929 233,782-93-2823,hvieira@example.org
Rafael,Ribeiro,0763-839,931 448 443,933-01-6847,coelhocarolina@example.com
Emília,Assunção,8417-024,+351922774177,513-54-4981,almeidamadalena@example.net
Simão,Loureiro,7622-325,(351) 967 283 656,495-68-6037,melissapinto@example.org
Hugo,Pinto,7950-757,(351) 963 042 427,238-22-4687,lourencoisabel@example.com
Mauro,Sá,2137-415,(351) 916 478 790,327-63-1870,gaspar33@example.org
Naiara,Araújo,8887-874,(351) 935 638 933,834-47-4286,gabriel32@example.org
Vicente,Rocha,5197-005,(351) 939 651 234,379-43-9547,luciana75@example.net
Júlia,Lopes,7781-226,(351) 965 673 350,329-24-3629,vlourenco@example.org
Alexandre,Araújo,2307-553,916 818 462,253-58-9902,vrocha@example.com
Yasmin,Torres,0709-061,(351) 911 253 433,700-18-3758,naircarvalho@example.net
Ema,Vicente,9931-617,(351) 251 279 838,333-21-4941,manuelabreu@example.net
Matias,Loureiro,1384-014,(351) 918863557,867-01-0117,hcosta@example.net
Filipa,Torres,8352-292,(351) 241701481,675-12-7298,flor85@example.com
Luna,Rodrigues,2337-511,913763645,898-08-1722,imartins@example.net
Carminho,Valente,4231-199,(351) 965256413,865-60-4347,camilaassuncao@example.org
Lisandro,Soares,8425-241,915 367 204,376-24-4403,adomingues@example.org
Valentim,Gaspar,6913-720,(351) 212288880,137-78-8526,bbarbosa@example.net
Laura,Ferreira,6958-908,(351) 922 342 706,597-87-4213,utavares@example.org
Kévim,Loureiro,3476-097,233 619 896,133-03-8832,ana42@example.net
Enzo,Abreu,8461-056,929 594 776,216-15-3006,leonorsantos@example.org
Lourenço,Gonçalves,9492-482,967804446,180-51-4183,nogueiraerica@example.net
Letícia,Mendes,2445-864,(351) 928 339 763,246-97-0548,costadaniela@example.org
Luna,Lopes,5585-901,(351) 925 438 537,889-35-7956,valentina77@example.org
Kelly,Ramos,6828-471,(351) 934112752,135-16-1607,ericafaria@example.org
Leonardo,Neto,2008-213,+351920837652,026-38-1491,alvesines@example.net
Lia,Baptista,2786-700,(351) 212 063 381,906-78-7741,angelamoreira@example.net
Manuel,Batista,5836-552,+351931061784,579-18-5026,uvicente@example.com
Rita,Melo,4587-397,+351926145331,859-60-7275,abreucaetana@example.org
Renato,Baptista,8252-421,(351) 291558399,743-81-4426,jessica01@example.org
Luca,Reis,0326-915,931 400 832,845-59-5697,erika10@example.com
Paulo,Anjos,4625-562,(351) 962954367,888-54-5830,mia02@example.com
Bryan,Cardoso,1233-721,(351) 288 009 822,693-93-7201,xrocha@example.org
Núria,Tavares,9665-590,(351) 960 849 874,798-56-0553,jfigueiredo@example.com
Gabriel,Amaral,0270-778,(351) 916 695 978,559-48-5858,valentina63@example.net
Igor,Pinto,2519-741,(351) 259149284,074-18-5260,vicenteleticia@example.com
Mariana,Baptista,2293-471,+351930079571,935-35-1496,ovicente@example.com
Marta,Castro,5844-943,+351911271420,171-37-6113,simao61@example.net
Kevin,Lourenço,7973-656,911674327,874-07-8984,hpaiva@example.com
Vítor,Assunção,0001-433,212980371,511-57-2113,vicentesantiago@example.net
Ivan,Vieira,4135-147,(351) 911395679,314-13-9341,luisaandrade@example.com
Vítor,Sá,2645-695,(351) 967 274 655,659-44-6823,macedobryan@example.org
Flor,Fernandes,7593-754,924375791,919-38-9309,lucasesteves@example.net
Ângela,Assunção,0988-752,(351) 928055350,445-37-0949,guilhermeferreira@example.org
Filipe,Martins,8852-393,919090396,502-71-4288,ana36@example.net
Valentina,Campos,4105-810,914901912,264-92-8505,alvaro25@example.org
Ariana,Domingues,2165-392,(351) 969 896 809,061-70-3683,freitasbruna@example.com
Yara,Coelho,5429-430,213 710 485,328-02-3720,kevimdomingues@example.org
Júlia,Jesus,3918-400,(351) 967 194 024,376-73-8107,vitoria96@example.org
Bryan,Ferreira,6233-921,932694511,713-45-2291,barbara36@example.net
António,Baptista,2286-717,(351) 927 031 608,138-22-9729,icruz@example.org
Rúben,Simões,6849-920,(351) 921 332 110,281-63-9738,tvalente@example.org
Carlos,Amaral,5572-226,(351) 968 538 276,590-18-8888,vitorgomes@example.com
Gustavo,Machado,0344-458,910009016,192-81-2550,lisandro73@example.net
Paulo,Matos,7773-126,(351) 929924518,461-94-8622,ymartins@example.net
Melissa,Baptista,4667-695,256 283 300,530-67-5654,hvieira@example.net
Renato,Abreu,2922-978,(351) 910 248 641,388-95-7189,rmarques@example.net
Luciana,Neto,0537-085,(351) 924 162 165,274-70-4747,abreumiriam@example.net
Pilar,Neto,1035-146,(351) 236 117 516,732-82-2916,pacheconicole@example.org
Dinis,Torres,0124-334,248402885,934-60-7848,sousanaiara@example.org
Jéssica,Jesus,6011-461,(351) 926 290 007,440-70-7766,martinsmaria@example.org
Patrícia,Baptista,4285-535,+351924265201,639-90-8160,icarvalho@example.com
Cristiano,Monteiro,3016-033,(351) 926457838,666-79-9970,xaviercastro@example.net
Artur,Fonseca,1944-990,(351) 933 131 553,741-73-6917,martimcastro@example.org
Martim,Simões,6969-971,(351) 939 968 470,872-47-5229,moraispaulo@example.com
Miguel,Garcia,7003-813,(351) 932564280,485-20-5647,ema12@example.net
Nelson,Soares,2154-522,(351) 936 651 339,542-31-8122,qbaptista@example.com
Nicole,Carvalho,1964-097,(351) 938 734 449,741-27-3975,rubenlourenco@example.com
Rafaela,Simões,2846-174,(351) 924512404,399-58-1283,naiaraaraujo@example.org
Raquel,Lourenço,6210-629,(351) 925 167 161,497-44-7375,nunesbruno@example.net
