First Name,Last Name,Postal Code,Phone Number,Social Security Number,Email
John,Hensley,11817,509.365.9175x1454,485-09-9003,richard16@example.com
Kathryn,Patel,10073,001-592-210-4385,868-55-9100,lawrencemelissa@example.org
Michael,Arnold,64315,483.841.7100x38675,160-40-9085,bwilliamson@example.net
Raymond,Butler,88276,+1-768-438-8694x621,037-32-0875,vcontreras@example.net
Kyle,Logan,94021,(842)479-1445x8571,602-45-8447,michael28@example.com
James,Smith,75472,756-439-2420x20578,185-55-3830,pgonzalez@example.org
Michael,Downs,67775,9419152281,873-67-7360,walkerandrew@example.net
Emma,Reed,14458,+1-757-307-4695x236,479-80-7379,iclarke@example.org
Joseph,Reilly,60851,679.543.9709,817-29-4917,gonzalezdrew@example.org
Paul,Herring,78606,882-910-4385x97541,035-44-4082,brianmorrow@example.net
Kayla,Martinez,50506,001-364-433-3409,077-67-4535,jgarcia@example.net
Michael,Green,03930,716-824-8892x95946,634-79-6763,cscott@example.org
Joel,Miller,24999,(374)801-8080,214-02-5315,bstanley@example.com
Yvette,Knight,17082,001-279-956-9710x7779,060-34-7542,timothyweaver@example.net
Gregg,Watts,47208,304.674.6882x47441,899-56-0913,jimmyshaw@example.com
Sabrina,Miller,68490,2483143042,437-32-3991,davidjohnson@example.com
Tiffany,Patterson,13848,+1-947-844-0169,380-67-6358,jessicakeller@example.com
Henry,Romero,85703,504.570.5900x222,396-72-9786,josephdiaz@example.org
Sean,Thomas,42714,(890)407-9790x0861,017-51-5654,juanwatson@example.org
Lorraine,Welch,22611,639.831.9844x899,411-96-2357,nathanielanderson@example.org
Eric,Zhang,19905,(821)727-8822,537-18-7707,nortontroy@example.org
Christopher,Brewer,09505,353-706-9436,515-58-5622,tanner81@example.net
Christine,Smith,24933,(295)474-8240x54554,770-18-9377,karijackson@example.org
Ricardo,Hopkins,97665,(269)992-0371x1412,094-50-1891,aherrera@example.com
Tammy,Johnston,81904,596.302.2477x0796,395-68-3003,brooke40@example.org
Tammy,Black,64643,+1-868-297-9427x668,570-27-3120,rosshannah@example.net
James,Taylor,02570,2035661994,436-59-1343,colechristopher@example.net
Beth,Wilson,48312,818.561.2983x7790,047-95-8197,stephen24@example.org
Mark,Cook,14385,001-365-781-1796,477-09-6074,pkent@example.net
David,Cross,38568,(375)468-1088x33804,450-64-2698,mbrown@example.net
James,Torres,72011,+1-861-454-4562x673,425-75-5797,irwinwilliam@example.com
Kevin,Cunningham,64528,+1-776-451-2889x87902,749-76-5625,johnrodriguez@example.com
Tanya,Stewart,49709,321.242.4973x892,250-51-0105,nicholas98@example.com
Melissa,Lester,32867,9384753537,618-77-7368,kimberly23@example.net
Valerie,Vance,18511,827.463.2946x92485,378-42-2884,obailey@example.com
Robert,Perez,21852,433-899-6687x1249,335-97-7904,dana54@example.net
Brandy,Morales,51300,534.689.0060x111,584-78-6276,david06@example.com
Michael,Welch,06163,420.975.4388,465-19-9655,langtiffany@example.com
Jodi,Weber,37747,001-525-795-8822x3171,344-77-4498,nicholas69@example.org
Julie,Leach,59047,001-808-230-2723,573-42-4241,christinasingh@example.org
William,Harrington,43385,297.876.3706x03436,171-40-4546,harveymark@example.org
Krista,Green,37723,+1-398-388-8530x532,058-14-0241,pacetom@example.net
Michelle,Lambert,81147,671.889.4055x948,711-16-9693,beardchad@example.org
Peter,Ray,98072,001-745-998-4188x75934,678-78-9024,laura38@example.org
Marisa,Levy,36002,001-664-762-6191,104-37-0569,joe67@example.org
Fred,Bennett,36729,648.723.8078x785,221-35-2883,erictapia@example.org
Linda,Moore,61016,001-802-449-2373x6447,259-04-5510,sylviapayne@example.com
April,Andrews,46705,+1-943-615-5089,326-04-0421,valenciaamanda@example.com
Matthew,Ortiz,25594,923.634.0780x56562,824-38-5996,drodriguez@example.net
Cheryl,Hudson,10340,001-856-489-5471x5510,455-87-4126,owensamber@example.net
Kara,Edwards,97177,(520)512-2616x31168,680-43-0210,ejones@example.com
Mark,Carlson,62799,+1-540-481-0673x349,513-09-1099,allenjonathan@example.com
Cassandra,Palmer,02964,756.811.0224,704-51-5590,william60@example.com
Guy,Miller,23252,712.423.3953x46787,001-46-8241,awilson@example.com
Christine,Stokes,22864,6608575219,791-38-8210,aaron03@example.com
Amber,Armstrong,13551,(306)850-5361x084,198-15-4491,caitliningram@example.org
Andrew,Wright,96679,385-972-3348x9740,017-75-0618,mbray@example.com
Robert,May,15560,985-625-2399,782-31-4641,bernard58@example.org
Elizabeth,Martin,73318,727-720-5101x35472,664-93-6932,amyallen@example.com
Troy,Johns,43979,741-335-8443,046-48-9113,virginiawatts@example.com
Benjamin,Johnson,57422,001-350-227-2009x32869,827-27-6162,shieldsdarryl@example.org
Robert,Singleton,42504,605-534-0404,356-93-7871,heatheralvarado@example.org
Sara,Irwin,20224,974-904-0974x77170,702-38-9953,shaun00@example.org
John,Hawkins,93184,295.960.0283,351-77-5914,droberts@example.net
Jonathan,Wiley,68462,(234)671-4466,264-71-0462,richardromero@example.net
James,Martin,53584,313-613-0667,240-89-0362,earl50@example.net
Steven,Ortiz,86978,001-303-301-3199,324-67-1538,qwong@example.com
Susan,Martinez,40362,920.522.3323x1499,252-42-7261,megansmith@example.org
Steven,Perry,74027,001-682-678-3343x58015,456-96-8461,sgrimes@example.net
Nicholas,Conley,08725,524-396-4204x339,016-88-6125,sarahtaylor@example.org
Cheyenne,Hill,40206,651.280.0924x235,432-63-4315,jkane@example.net
Michelle,Dunlap,95443,001-843-245-7883x127,150-05-0139,cnorton@example.net
Todd,Delgado,40865,346.926.3888,877-89-6856,randy80@example.org
Amanda,Davis,05070,(562)444-0665,769-75-0012,lauraclements@example.org
Deborah,Gutierrez,27451,(329)348-5185x310,384-04-5236,tmckenzie@example.net
Cynthia,Byrd,14116,325.549.9487,726-73-1740,smithjonathan@example.net
William,Guzman,88842,756-456-0807x23331,468-86-1093,tina98@example.org
Chris,Crawford,20658,+1-969-796-5745,630-01-4509,kjimenez@example.net
Todd,Mayer,54474,620-356-5433x99537,488-45-4935,wmoore@example.net
Jesse,Martinez,27432,(592)784-2036,156-58-8880,john44@example.net
Jerry,Carpenter,09973,247.591.3715x0847,630-53-4661,jtaylor@example.org
Kathleen,Ryan,36571,+1-238-536-3760x8824,541-06-4435,walkermorgan@example.com
Mary,Saunders,35832,001-921-827-5828x32019,731-73-2449,brownkimberly@example.net
Sean,Jackson,31099,(641)579-9650x66687,188-72-2870,tapiasuzanne@example.org
Joseph,Rodriguez,58611,(285)888-9124,131-30-3236,sanchezjacqueline@example.com
Alison,Williams,63177,+1-531-670-0682x341,153-12-4434,jacksonbenjamin@example.net
Michael,Jordan,25379,(232)283-7769,486-14-9258,badams@example.net
Andrew,Fuller,97701,(436)952-8161x614,206-56-1092,gsilva@example.com
Christopher,Walker,59323,(657)626-7860,177-13-9978,harriskatelyn@example.com
Jamie,Liu,70107,001-391-988-5499,622-11-6213,steven75@example.com
Kimberly,Rios,92107,+1-337-768-2310,085-35-0215,calvinschroeder@example.net
Omar,Chaney,16477,+1-975-423-4034,308-28-1086,hsummers@example.net
Brian,Campos,75629,(754)508-1580x3217,004-90-3175,cjackson@example.net
Roger,Sparks,46604,+1-342-886-6301x7744,467-42-0576,jacobhendricks@example.com
Anthony,Luna,07485,422-780-9311x4996,291-43-6458,pbarrett@example.com
David,Anderson,93625,894.463.8024x914,018-72-8609,garciajennifer@example.com
Carla,Rios,48238,280-340-7398,311-79-6636,xwright@example.org
Ashley,Lozano,52417,(464)874-9326,540-98-5671,sullivanmichael@example.org
Sheila,Taylor,09305,+1-453-899-0561x500,880-49-7702,stephen02@example.com
Catherine,Hayden,05191,001-489-562-2733x782,665-61-4865,masonlaura@example.net
